event_file,location
Bonobo00346_1_191211,frontal
Bonobo00605_1_71243,frontal
Bonobo00799_1_133580,frontal
Bonobo00799_1_156185,frontal
Bonobo00799_1_162273,frontal
Bonobo00799_1_23254,frontal
Bonobo00799_1_43772,frontal
Bonobo01357_1_62056,frontal
Bonobo01357_1_66188,frontal
Bonobo01510_0_195393,frontal
Bonobo01529_1_138522,frontal
Bonobo01529_1_177357,frontal
Bonobo01529_1_223340,frontal
Bonobo01529_1_40601,frontal
Bonobo01529_1_4135,frontal
Bonobo01529_1_41731,frontal
Bonobo01529_1_48198,frontal
Bonobo01529_1_6481,frontal
Bonobo01529_2_112805,frontal
Bonobo01529_2_113881,frontal
Bonobo01529_2_116539,frontal
Bonobo01529_2_138734,frontal
Bonobo01529_2_169172,frontal
Bonobo01529_2_189055,frontal
Bonobo01529_2_212003,frontal
Bonobo01529_2_21234,frontal
Bonobo01529_2_2412,frontal
Bonobo01529_2_79500,frontal
Bonobo01725_0_102,frontal
Bonobo01725_0_2983,frontal
Bonobo02005_1_252847,frontal
Bonobo02396_0_129690,frontal
Bonobo02412_1_140497,frontal
Bonobo02473_0_26801,frontal
Bonobo02473_0_62708,frontal
Bonobo02662_0_259629,frontal
Bonobo02662_0_270529,frontal
Bonobo02662_0_279765,frontal
Bonobo02662_0_297613,frontal
Bonobo02662_0_316745,frontal
Bonobo02662_0_338837,frontal
Bonobo02880_0_1130,frontal
Bonobo02880_0_131393,frontal
Bonobo02880_0_164187,frontal
Bonobo02880_0_172206,frontal
Bonobo02880_0_173862,frontal
Bonobo02880_0_176918,frontal
Bonobo02880_0_182704,frontal
Bonobo02880_0_183955,frontal
Bonobo02880_0_199457,frontal
Bonobo02880_0_200786,frontal
Bonobo02880_0_204352,frontal
Bonobo02880_0_206118,frontal
Bonobo02880_0_210800,frontal
Bonobo02880_0_211513,frontal
Bonobo02880_0_215190,frontal
Bonobo02880_0_217625,frontal
Bonobo02880_0_229985,frontal
Bonobo02880_0_231859,frontal
Bonobo02880_0_234370,frontal
Bonobo02880_0_235485,frontal
Bonobo02880_0_236486,frontal
Bonobo02880_0_237885,frontal
Bonobo02880_0_248215,frontal
Bonobo02880_0_250763,frontal
Bonobo02880_0_257624,frontal
Bonobo02880_0_258033,frontal
Bonobo02880_0_263152,frontal
Bonobo02880_0_266285,frontal
Bonobo02880_0_80699,frontal
Bonobo02880_0_91251,frontal
Bonobo02880_0_93171,frontal
Bonobo02880_1_100818,frontal
Bonobo02880_1_103181,frontal
Bonobo02880_1_120256,frontal
Bonobo02880_1_136592,frontal
Bonobo02880_1_139398,frontal
Bonobo02880_1_164896,frontal
Bonobo02880_1_171532,frontal
Bonobo02880_1_275341,frontal
Bonobo02880_1_40559,frontal
Bonobo02880_1_53436,frontal
Bonobo02880_1_57536,frontal
Bonobo02880_1_69225,frontal
Bonobo02880_1_83849,frontal
Bonobo02880_1_84298,frontal
Bonobo03003_3_291449,frontal
Bonobo03231_2_219039,frontal
Bonobo03231_2_245489,frontal
Bonobo03231_4_303707,frontal
Bonobo03231_4_306410,frontal
Bonobo03231_4_312402,frontal
Bonobo03231_4_324800,frontal
Bonobo03231_4_325267,frontal
Bonobo03234_1_12348,frontal
Bonobo03234_1_12586,frontal
Bonobo03234_1_12587,frontal
Bonobo03234_1_12597,frontal
Bonobo03234_1_30182,frontal
Bonobo03404_1_116767,frontal
Bonobo03404_1_204996,frontal
Bonobo03404_1_52082,frontal
Bonobo03404_1_72263,frontal
Bonobo03404_1_95465,frontal
Bonobo03422_1_11105,frontal
Bonobo03422_1_11291,frontal
Bonobo03422_1_12986,frontal
Bonobo03422_1_13571,frontal
Bonobo03422_1_1438,frontal
Bonobo03422_1_14684,frontal
Bonobo03422_1_14689,frontal
Bonobo03422_1_14995,frontal
Bonobo03422_1_2397,frontal
Bonobo03422_1_3440,frontal
Bonobo03422_1_3685,frontal
Bonobo03422_1_44085,frontal
Bonobo03422_1_4534,frontal
Bonobo03422_1_49486,frontal
Bonobo03422_1_5152,frontal
Bonobo03422_1_5275,frontal
Bonobo03422_1_7537,frontal
Bonobo03618_1_154715,frontal
Bonobo03618_1_225494,frontal
Bonobo03618_1_245857,frontal
Bonobo03679_0_57109,frontal
Bonobo03683_0_196639,frontal
Bonobo03683_0_230607,frontal
Bonobo03683_0_240706,frontal
Bonobo03683_0_260727,frontal
Bonobo03683_1_131537,frontal
Bonobo03683_1_145018,frontal
Bonobo03683_1_17869,frontal
Bonobo03683_1_4016,frontal
Bonobo03683_1_4075,frontal
Bonobo03683_1_87153,frontal
Bonobo03690_1_104401,frontal
Bonobo03690_1_108546,frontal
Bonobo03690_1_109001,frontal
Bonobo03690_1_111325,frontal
Bonobo03690_1_115794,frontal
Bonobo03690_1_120609,frontal
Bonobo03690_1_121379,frontal
Bonobo03690_1_37552,frontal
Bonobo03690_1_37913,frontal
Bonobo03690_1_38088,frontal
Bonobo03690_1_38423,frontal
Bonobo03690_1_85127,frontal
Bonobo03690_1_93596,frontal
Bonobo03690_2_119169,frontal
Bonobo03690_2_131665,frontal
Bonobo03690_2_144241,frontal
Bonobo03690_2_151571,frontal
Bonobo03690_2_156293,frontal
Bonobo03690_2_158593,frontal
Bonobo03690_2_160759,frontal
Bonobo03690_2_160996,frontal
Bonobo03690_2_164278,frontal
Bonobo03690_2_95312,frontal
Bonobo03690_3_120975,frontal
Bonobo03690_3_188881,frontal
Bonobo03690_3_25020,frontal
Bonobo03690_3_38367,frontal
Bonobo03690_3_38455,frontal
Bonobo03690_3_47099,frontal
Bonobo03711_1_222820,frontal
Bonobo03718_0_183099,frontal
Bonobo03718_0_68902,frontal
Bonobo03718_0_85449,frontal
Bonobo03759_1_39071,frontal
Bonobo03942_1_117432,frontal
Bonobo03942_1_170588,frontal
Bonobo03942_1_171062,frontal
Bonobo03942_2_9332,frontal
Bonobo03951_0_71943,frontal
Bonobo03951_0_72272,frontal
Bonobo03951_0_72480,frontal
Bonobo03951_0_75985,frontal
Bonobo03951_0_76113,frontal
Bonobo03951_0_76274,frontal
Bonobo03951_0_76519,frontal
Bonobo04272_0_204716,frontal
Bonobo04272_0_211618,frontal
Bonobo04272_0_259734,frontal
Bonobo04272_0_259867,frontal
Bonobo04272_0_259951,frontal
Bonobo04272_0_260225,frontal
Bonobo04272_0_260679,frontal
Bonobo04272_0_260731,frontal
Bonobo04463_1_229596,frontal
Bonobo04463_1_276647,frontal
Bonobo04463_1_75497,frontal
Bonobo04495_0_3202,frontal
Bonobo04527_1_114484,frontal
Bonobo04527_1_125265,frontal
Bonobo04527_1_126880,frontal
Bonobo04527_1_158018,frontal
Bonobo04527_1_163218,frontal
Bonobo04527_1_165048,frontal
Bonobo04527_1_165713,frontal
Bonobo04527_1_173914,frontal
Bonobo04527_1_184812,frontal
Bonobo04527_1_189547,frontal
Bonobo04527_1_209635,frontal
Bonobo04527_1_215030,frontal
Bonobo04527_1_29149,frontal
Bonobo04527_2_108463,frontal
Bonobo04527_2_113694,frontal
Bonobo04527_2_115205,frontal
Bonobo04527_2_116911,frontal
Bonobo04527_2_117269,frontal
Bonobo04527_2_122333,frontal
Bonobo04527_2_137762,frontal
Bonobo04527_2_194057,frontal
Bonobo04527_2_236261,frontal
Bonobo04527_2_44616,frontal
Bonobo04527_2_61200,frontal
Bonobo04527_2_63190,frontal
Bonobo04527_2_63626,frontal
Bonobo04527_2_77873,frontal
Bonobo04527_2_86199,frontal
Bonobo04540_1_211905,frontal
Bonobo04540_1_281409,frontal
Bonobo04540_1_284284,frontal
Bonobo04540_1_390179,frontal
Bonobo04540_1_429601,frontal
Bonobo04540_1_84617,frontal
Bonobo04540_1_84766,frontal
Bonobo04540_2_171212,frontal
Bonobo04540_2_179282,frontal
Bonobo04578_0_94909,frontal
Bonobo04578_0_95702,frontal
Bonobo05288_1_118647,frontal
Bonobo05722_0_180623,frontal
Bonobo05787_0_236,frontal
Bonobo05986_0_9661,frontal
Bonobo06045_0_27169,frontal
Bonobo06045_0_38549,frontal
Bonobo06045_0_4171,frontal
Bonobo06045_0_53736,frontal
Bonobo06045_0_56088,frontal
Bonobo06045_0_83290,frontal
Bonobo06045_0_84675,frontal
Bonobo06045_0_89387,frontal
Bonobo06045_0_9308,frontal
Bonobo06053_0_177333,frontal
Bonobo06053_0_203172,frontal
Bonobo06053_0_230799,frontal
Bonobo06053_0_73593,frontal
Bonobo06053_0_73690,frontal
Bonobo06316_0_2599,frontal
Bonobo06316_0_343,frontal
Bonobo06616_0_325,frontal
Bonobo06616_0_602,frontal
Bonobo06616_0_98,frontal
Bonobo00200_0_128917,parietal
Bonobo01268_2_123595,parietal
Bonobo01351_1_74178,parietal
Bonobo02900_0_226943,parietal
Bonobo02900_0_231826,parietal
Bonobo02900_0_232719,parietal
Bonobo02900_0_240023,parietal
Bonobo02900_0_240132,parietal
Bonobo02900_0_243339,parietal
Bonobo02900_1_251480,parietal
Bonobo02900_1_266668,parietal
Bonobo02989_0_1120,parietal
Bonobo02989_0_460865,parietal
Bonobo02989_0_508455,parietal
Bonobo02989_0_510078,parietal
Bonobo03131_0_90071,parietal
Bonobo06030_0_162872,parietal
Bonobo06030_0_18696,parietal
Bonobo06030_0_20707,parietal
Bonobo06030_0_235682,parietal
Bonobo06030_0_238246,parietal
Bonobo06030_0_99754,parietal
Bonobo06302_4_11790,parietal
Bonobo06302_4_118114,parietal
Bonobo06302_4_158313,parietal
Bonobo06302_4_158442,parietal
Bonobo06302_4_160516,parietal
Bonobo06302_4_166561,parietal
Bonobo06302_4_24493,parietal
Bonobo06302_4_34992,parietal
Bonobo06302_4_64548,parietal
Bonobo01268_1_145144,occipital
Bonobo01268_1_3734,occipital
Bonobo01268_1_43578,occipital
Bonobo01268_2_123595,occipital
Bonobo01351_1_24847,occipital
Bonobo01351_1_28656,occipital
Bonobo01351_1_34418,occipital
Bonobo01351_1_74178,occipital
Bonobo01632_0_2320,occipital
Bonobo01632_0_347578,occipital
Bonobo01632_0_54644,occipital
Bonobo02253_1_76355,occipital
Bonobo02846_0_105918,occipital
Bonobo02846_0_115831,occipital
Bonobo02846_0_246411,occipital
Bonobo02846_0_271707,occipital
Bonobo02846_0_278820,occipital
Bonobo02846_0_293579,occipital
Bonobo02846_0_70114,occipital
Bonobo02846_0_73371,occipital
Bonobo02846_0_91321,occipital
Bonobo02846_0_9397,occipital
Bonobo02846_0_9682,occipital
Bonobo03106_1_108404,occipital
Bonobo03106_1_111755,occipital
Bonobo03106_1_222907,occipital
Bonobo03106_1_93234,occipital
Bonobo03106_1_98165,occipital
Bonobo03106_2_168224,occipital
Bonobo03106_2_186085,occipital
Bonobo03127_0_158510,occipital
Bonobo03127_0_230839,occipital
Bonobo03127_0_251064,occipital
Bonobo03127_0_251133,occipital
Bonobo03164_0_106182,occipital
Bonobo03164_0_107277,occipital
Bonobo03164_0_118357,occipital
Bonobo03164_0_119088,occipital
Bonobo03164_0_161829,occipital
Bonobo03164_0_53767,occipital
Bonobo03164_0_64159,occipital
Bonobo03164_0_66883,occipital
Bonobo03164_0_67687,occipital
Bonobo03164_0_70752,occipital
Bonobo03164_0_71192,occipital
Bonobo03164_0_95335,occipital
Bonobo03164_0_99699,occipital
Bonobo03164_1_102526,occipital
Bonobo03164_1_105075,occipital
Bonobo03164_1_117696,occipital
Bonobo03164_1_125565,occipital
Bonobo03164_1_128848,occipital
Bonobo03164_1_138694,occipital
Bonobo03164_1_177217,occipital
Bonobo03164_1_188899,occipital
Bonobo03164_1_193859,occipital
Bonobo03164_1_97720,occipital
Bonobo03213_1_38189,occipital
Bonobo03213_1_38223,occipital
Bonobo03570_1_116705,occipital
Bonobo03570_1_40102,occipital
Bonobo03570_1_52761,occipital
Bonobo03570_1_61805,occipital
Bonobo03570_1_73417,occipital
Bonobo03570_1_9147,occipital
Bonobo03570_1_960,occipital
Bonobo03570_3_160393,occipital
Bonobo03570_3_161289,occipital
Bonobo03570_3_193887,occipital
Bonobo03570_3_231864,occipital
Bonobo03570_4_146344,occipital
Bonobo03570_4_150648,occipital
Bonobo03570_4_154500,occipital
Bonobo03570_4_158619,occipital
Bonobo03570_4_224286,occipital
Bonobo03570_4_235896,occipital
Bonobo03570_4_278059,occipital
Bonobo03570_4_278474,occipital
Bonobo03570_4_297172,occipital
Bonobo03570_4_304435,occipital
Bonobo03570_4_309604,occipital
Bonobo03570_4_345864,occipital
Bonobo03570_4_367330,occipital
Bonobo03570_4_390841,occipital
Bonobo03570_4_50416,occipital
Bonobo03570_4_58968,occipital
Bonobo03570_4_81831,occipital
Bonobo03616_1_22798,occipital
Bonobo03616_1_94549,occipital
Bonobo03628_0_27,occipital
Bonobo03704_0_555,occipital
Bonobo04088_1_536802,occipital
Bonobo04153_0_10177,occipital
Bonobo04153_0_120261,occipital
Bonobo04153_0_151994,occipital
Bonobo04153_0_162366,occipital
Bonobo04153_0_164341,occipital
Bonobo04153_0_172778,occipital
Bonobo04153_0_177121,occipital
Bonobo04153_0_179201,occipital
Bonobo04153_0_195270,occipital
Bonobo04153_0_221196,occipital
Bonobo04153_0_223072,occipital
Bonobo04153_0_224577,occipital
Bonobo04153_0_245140,occipital
Bonobo04153_0_248154,occipital
Bonobo04153_0_250204,occipital
Bonobo04153_0_257809,occipital
Bonobo04153_0_258914,occipital
Bonobo04153_0_259080,occipital
Bonobo04153_0_261704,occipital
Bonobo04153_0_264903,occipital
Bonobo04153_0_267163,occipital
Bonobo04153_0_270341,occipital
Bonobo04153_0_41660,occipital
Bonobo04153_0_51600,occipital
Bonobo04153_1_105749,occipital
Bonobo04153_1_111481,occipital
Bonobo04153_1_111711,occipital
Bonobo04153_1_114361,occipital
Bonobo04153_1_114930,occipital
Bonobo04153_1_121426,occipital
Bonobo04153_1_127558,occipital
Bonobo04153_1_130151,occipital
Bonobo04153_1_13812,occipital
Bonobo04153_1_139220,occipital
Bonobo04153_1_144581,occipital
Bonobo04153_1_151687,occipital
Bonobo04153_1_158157,occipital
Bonobo04153_1_165360,occipital
Bonobo04153_1_166345,occipital
Bonobo04153_1_168262,occipital
Bonobo04153_1_181436,occipital
Bonobo04153_1_184980,occipital
Bonobo04153_1_192814,occipital
Bonobo04153_1_1990,occipital
Bonobo04153_1_199876,occipital
Bonobo04153_1_206061,occipital
Bonobo04153_1_218488,occipital
Bonobo04153_1_219232,occipital
Bonobo04153_1_222250,occipital
Bonobo04153_1_225838,occipital
Bonobo04153_1_242884,occipital
Bonobo04153_1_246895,occipital
Bonobo04153_1_290162,occipital
Bonobo04153_1_290405,occipital
Bonobo04153_1_329449,occipital
Bonobo04153_1_346203,occipital
Bonobo04153_1_348011,occipital
Bonobo04153_1_351857,occipital
Bonobo04153_1_356381,occipital
Bonobo04153_1_361024,occipital
Bonobo04153_1_382857,occipital
Bonobo04153_1_384708,occipital
Bonobo04153_1_384842,occipital
Bonobo04153_1_439924,occipital
Bonobo04153_1_463362,occipital
Bonobo04153_1_463711,occipital
Bonobo04153_1_463843,occipital
Bonobo04153_1_474554,occipital
Bonobo04153_1_480843,occipital
Bonobo04153_1_6491,occipital
Bonobo04153_1_7134,occipital
Bonobo04153_1_7444,occipital
Bonobo04153_1_77876,occipital
Bonobo04153_1_78673,occipital
Bonobo04153_1_79633,occipital
Bonobo04153_1_96180,occipital
Bonobo04153_1_96940,occipital
Bonobo04153_2_2801,occipital
Bonobo04153_2_3060,occipital
Bonobo04423_0_211866,occipital
Bonobo05867_1_33262,occipital
Bonobo05867_1_33756,occipital
Bonobo05867_2_118373,occipital
Bonobo05867_2_150137,occipital
Bonobo05867_2_199924,occipital
Bonobo05867_2_42652,occipital
Bonobo05867_2_63327,occipital
Bonobo05867_2_84168,occipital
Bonobo05867_2_949,occipital
Bonobo05867_2_95017,occipital
Bonobo06186_0_11323,occipital
Bonobo06186_0_54898,occipital
Bonobo06186_0_73917,occipital
Bonobo06298_0_235544,occipital
Bonobo06298_0_28892,occipital
Bonobo06346_0_287175,occipital
Bonobo06432_1_39994,occipital
Bonobo00054_1_127764,temporal
Bonobo00054_1_84546,temporal
Bonobo00055_1_59760,temporal
Bonobo00365_1_84454,temporal
Bonobo00413_1_190857,temporal
Bonobo01128_1_144856,temporal
Bonobo01128_1_31399,temporal
Bonobo01205_1_238242,temporal
Bonobo01268_1_67181,temporal
Bonobo01593_0_126818,temporal
Bonobo01593_0_131668,temporal
Bonobo01593_0_15924,temporal
Bonobo01593_0_200270,temporal
Bonobo01632_1_134202,temporal
Bonobo01700_0_10862,temporal
Bonobo01700_0_16835,temporal
Bonobo01700_0_61985,temporal
Bonobo01700_0_9469,temporal
Bonobo01837_0_169706,temporal
Bonobo02396_0_153550,temporal
Bonobo02457_0_33854,temporal
Bonobo02457_0_71451,temporal
Bonobo02457_0_74653,temporal
Bonobo02512_1_206947,temporal
Bonobo02512_1_231014,temporal
Bonobo02512_1_277206,temporal
Bonobo02512_1_49686,temporal
Bonobo02514_3_101606,temporal
Bonobo02514_3_117837,temporal
Bonobo02514_3_62751,temporal
Bonobo02538_0_129303,temporal
Bonobo02572_0_202094,temporal
Bonobo02572_0_249589,temporal
Bonobo02966_1_107660,temporal
Bonobo02966_1_110011,temporal
Bonobo02966_1_114029,temporal
Bonobo02966_1_121258,temporal
Bonobo02966_1_132255,temporal
Bonobo02966_1_182561,temporal
Bonobo02966_1_183722,temporal
Bonobo02966_1_184057,temporal
Bonobo02966_1_196510,temporal
Bonobo02966_1_210467,temporal
Bonobo02966_1_211046,temporal
Bonobo02966_1_214274,temporal
Bonobo02966_1_219982,temporal
Bonobo02966_1_45921,temporal
Bonobo02966_1_5159,temporal
Bonobo02966_1_80666,temporal
Bonobo02966_1_8232,temporal
Bonobo02966_1_82891,temporal
Bonobo02966_1_92221,temporal
Bonobo02966_1_92309,temporal
Bonobo02966_2_15895,temporal
Bonobo02966_2_23234,temporal
Bonobo02966_2_25331,temporal
Bonobo02966_2_26657,temporal
Bonobo02966_2_33111,temporal
Bonobo02966_2_33803,temporal
Bonobo02966_2_36225,temporal
Bonobo02966_2_41127,temporal
Bonobo02966_2_45751,temporal
Bonobo02966_2_9247,temporal
Bonobo02996_2_208043,temporal
Bonobo02996_2_37185,temporal
Bonobo03003_1_110346,temporal
Bonobo03003_2_256486,temporal
Bonobo03003_2_280901,temporal
Bonobo03074_0_3501,temporal
Bonobo03131_0_108589,temporal
Bonobo03153_1_235056,temporal
Bonobo03208_0_135371,temporal
Bonobo03208_0_139369,temporal
Bonobo03208_0_180478,temporal
Bonobo03208_0_187935,temporal
Bonobo03208_0_191792,temporal
Bonobo03208_0_204342,temporal
Bonobo03208_0_208747,temporal
Bonobo03208_0_214222,temporal
Bonobo03208_0_214597,temporal
Bonobo03208_0_219786,temporal
Bonobo03208_0_222460,temporal
Bonobo03208_0_252850,temporal
Bonobo03208_0_254573,temporal
Bonobo03208_0_263707,temporal
Bonobo03208_0_297667,temporal
Bonobo03231_1_59570,temporal
Bonobo03288_0_107866,temporal
Bonobo03288_0_110158,temporal
Bonobo03288_0_115536,temporal
Bonobo03288_0_125533,temporal
Bonobo03288_0_132202,temporal
Bonobo03288_0_136412,temporal
Bonobo03288_0_139737,temporal
Bonobo03288_0_151036,temporal
Bonobo03288_0_160989,temporal
Bonobo03288_0_96049,temporal
Bonobo03291_0_205609,temporal
Bonobo03291_0_223468,temporal
Bonobo03291_0_223469,temporal
Bonobo03291_0_243249,temporal
Bonobo03291_0_330580,temporal
Bonobo03291_0_88877,temporal
Bonobo03417_1_14844,temporal
Bonobo03604_1_102238,temporal
Bonobo03604_1_105560,temporal
Bonobo03604_1_116150,temporal
Bonobo03604_1_67497,temporal
Bonobo03759_1_59011,temporal
Bonobo03824_1_186092,temporal
Bonobo03824_2_111398,temporal
Bonobo03824_2_137758,temporal
Bonobo03824_2_138279,temporal
Bonobo03824_2_151599,temporal
Bonobo03824_2_52505,temporal
Bonobo03837_0_29634,temporal
Bonobo03837_0_37433,temporal
Bonobo03837_0_51538,temporal
Bonobo03872_0_16520,temporal
Bonobo03872_0_23129,temporal
Bonobo03872_0_41816,temporal
Bonobo03872_0_6076,temporal
Bonobo03872_0_7287,temporal
Bonobo04053_0_206691,temporal
Bonobo04100_2_113433,temporal
Bonobo04136_1_14627,temporal
Bonobo04521_1_144014,temporal
Bonobo04521_1_155286,temporal
Bonobo04521_1_175033,temporal
Bonobo04521_1_190451,temporal
Bonobo04521_1_209787,temporal
Bonobo04521_1_222802,temporal
Bonobo04521_1_32290,temporal
Bonobo04521_1_56833,temporal
Bonobo04549_0_122086,temporal
Bonobo04549_0_85476,temporal
Bonobo04695_1_19347,temporal
Bonobo04695_1_43243,temporal
Bonobo04695_1_55239,temporal
Bonobo04772_1_154101,temporal
Bonobo04772_1_16783,temporal
Bonobo05036_0_169585,temporal
Bonobo05295_0_22684,temporal
Bonobo05295_0_3126,temporal
Bonobo05295_0_31751,temporal
Bonobo05295_0_47900,temporal
Bonobo05376_0_119895,temporal
Bonobo05376_0_35426,temporal
Bonobo05421_0_123177,temporal
Bonobo05421_0_242666,temporal
Bonobo05421_0_242851,temporal
Bonobo05453_1_56575,temporal
Bonobo05672_0_217467,temporal
Bonobo05750_1_73323,temporal
Bonobo05750_1_90258,temporal
Bonobo05934_1_106338,temporal
Bonobo05934_1_118817,temporal
Bonobo05934_1_145960,temporal
Bonobo05934_1_161822,temporal
Bonobo05934_1_170358,temporal
Bonobo05934_1_184484,temporal
Bonobo05934_1_2114,temporal
Bonobo05934_1_220754,temporal
Bonobo05934_1_23337,temporal
Bonobo05934_1_246360,temporal
Bonobo05934_1_272367,temporal
Bonobo05934_1_381793,temporal
Bonobo05934_1_420319,temporal
Bonobo05934_1_435095,temporal
Bonobo05934_1_460423,temporal
Bonobo05934_1_6302,temporal
Bonobo05934_1_67808,temporal
Bonobo05934_1_76702,temporal
Bonobo05934_1_78983,temporal
Bonobo05988_0_119212,temporal
Bonobo05988_0_148198,temporal
Bonobo05988_0_173440,temporal
Bonobo06186_0_11323,temporal
Bonobo06186_0_54898,temporal
Bonobo06186_0_73917,temporal
Bonobo06208_0_126547,temporal
Bonobo06208_0_366607,temporal
Bonobo06346_0_287175,temporal
Bonobo00365_2_125435,general
Bonobo00456_0_2689,general
Bonobo00456_0_2839,general
Bonobo00653_0_18046,general
Bonobo00663_0_1426,general
Bonobo00663_0_1800,general
Bonobo00663_0_2690,general
Bonobo00663_0_3378,general
Bonobo00663_0_434,general
Bonobo00696_0_3144,general
Bonobo00809_0_1073,general
Bonobo00809_0_2432,general
Bonobo01213_0_2555,general
Bonobo01213_0_3540,general
Bonobo01308_0_1587,general
Bonobo01343_0_1524,general
Bonobo01343_0_1627,general
Bonobo01343_0_3519,general
Bonobo01343_0_3530,general
Bonobo01672_2_132557,general
Bonobo01672_2_93328,general
Bonobo01672_4_125524,general
Bonobo01776_0_818,general
Bonobo02031_0_3242,general
Bonobo02152_0_1034,general
Bonobo02152_0_20,general
Bonobo02152_0_204,general
Bonobo02152_0_2490,general
Bonobo02152_0_608,general
Bonobo02172_0_2165,general
Bonobo02351_1_155392,general
Bonobo02351_1_188404,general
Bonobo02351_1_208947,general
Bonobo02351_1_246594,general
Bonobo02351_1_250429,general
Bonobo02351_1_262992,general
Bonobo02351_1_266491,general
Bonobo02351_1_268950,general
Bonobo02351_1_274305,general
Bonobo02351_1_291242,general
Bonobo02351_1_357680,general
Bonobo02408_2_182475,general
Bonobo02408_3_52490,general
Bonobo02408_3_53085,general
Bonobo02408_3_53174,general
Bonobo02412_0_277420,general
Bonobo02412_0_277968,general
Bonobo02412_0_340540,general
Bonobo02412_0_340592,general
Bonobo02412_0_340639,general
Bonobo02412_0_340889,general
Bonobo02478_0_197403,general
Bonobo02494_1_101088,general
Bonobo02494_1_119009,general
Bonobo02494_1_129113,general
Bonobo02494_1_139323,general
Bonobo02494_1_142033,general
Bonobo02494_1_171862,general
Bonobo02494_1_193836,general
Bonobo02494_1_219163,general
Bonobo02494_1_266154,general
Bonobo02494_1_304227,general
Bonobo02494_1_60791,general
Bonobo02494_1_85002,general
Bonobo02494_1_85439,general
Bonobo02494_1_86382,general
Bonobo02494_2_12981,general
Bonobo02494_2_22031,general
Bonobo02743_0_1350,general
Bonobo02743_0_1778,general
Bonobo02771_1_41622,general
Bonobo02771_1_7493,general
Bonobo02775_0_247162,general
Bonobo02775_0_258802,general
Bonobo02810_0_102340,general
Bonobo02810_0_104060,general
Bonobo02810_0_104928,general
Bonobo02810_0_108676,general
Bonobo02810_0_117298,general
Bonobo02810_0_11978,general
Bonobo02810_0_121919,general
Bonobo02810_0_122400,general
Bonobo02810_0_124730,general
Bonobo02810_0_124970,general
Bonobo02810_0_125778,general
Bonobo02810_0_126605,general
Bonobo02810_0_127432,general
Bonobo02810_0_127906,general
Bonobo02810_0_128266,general
Bonobo02810_0_128747,general
Bonobo02810_0_129461,general
Bonobo02810_0_133076,general
Bonobo02810_0_133660,general
Bonobo02810_0_1360,general
Bonobo02810_0_142979,general
Bonobo02810_0_144284,general
Bonobo02810_0_147290,general
Bonobo02810_0_1514,general
Bonobo02810_0_154606,general
Bonobo02810_0_156574,general
Bonobo02810_0_158292,general
Bonobo02810_0_158652,general
Bonobo02810_0_160959,general
Bonobo02810_0_161163,general
Bonobo02810_0_167091,general
Bonobo02810_0_174094,general
Bonobo02810_0_18358,general
Bonobo02810_0_19201,general
Bonobo02810_0_194690,general
Bonobo02810_0_199731,general
Bonobo02810_0_20081,general
Bonobo02810_0_204464,general
Bonobo02810_0_2498,general
Bonobo02810_0_3912,general
Bonobo02810_0_39741,general
Bonobo02810_0_47950,general
Bonobo02810_0_6240,general
Bonobo02810_0_70900,general
Bonobo02810_0_72424,general
Bonobo02810_0_73805,general
Bonobo02810_0_7655,general
Bonobo02810_0_78913,general
Bonobo02810_0_79585,general
Bonobo02810_0_80875,general
Bonobo02810_0_8908,general
Bonobo02810_0_91251,general
Bonobo02810_0_91697,general
Bonobo02810_0_92785,general
Bonobo02810_0_93853,general
Bonobo02810_0_9597,general
Bonobo02810_0_97596,general
Bonobo02810_0_98189,general
Bonobo02810_0_99501,general
Bonobo02810_0_99733,general
Bonobo02846_0_9397,general
Bonobo02846_0_9682,general
Bonobo02885_0_148957,general
Bonobo02885_0_215752,general
Bonobo02996_2_185962,general
Bonobo03098_0_44671,general
Bonobo03098_0_53157,general
Bonobo03098_0_74608,general
Bonobo03098_0_81156,general
Bonobo03131_0_17430,general
Bonobo03213_1_225082,general
Bonobo03213_1_38223,general
Bonobo03484_0_1481,general
Bonobo03501_2_22440,general
Bonobo03501_2_370983,general
Bonobo03501_2_46954,general
Bonobo03501_3_200268,general
Bonobo03570_1_116705,general
Bonobo03570_1_40102,general
Bonobo03570_1_52761,general
Bonobo03570_1_61805,general
Bonobo03570_1_73417,general
Bonobo03570_1_9147,general
Bonobo03570_1_960,general
Bonobo03604_1_147110,general
Bonobo03604_1_157243,general
Bonobo03604_1_157744,general
Bonobo03604_1_165103,general
Bonobo03604_1_166772,general
Bonobo03604_1_194391,general
Bonobo03604_1_23259,general
Bonobo03604_1_238546,general
Bonobo03604_1_244223,general
Bonobo03604_1_244486,general
Bonobo03609_0_228931,general
Bonobo03609_0_68925,general
Bonobo03609_0_68994,general
Bonobo03609_0_69046,general
Bonobo03609_0_69405,general
Bonobo03609_0_69588,general
Bonobo03609_1_141329,general
Bonobo03609_1_37759,general
Bonobo03609_1_37762,general
Bonobo03609_1_37911,general
Bonobo03609_1_38163,general
Bonobo03609_1_85749,general
Bonobo03609_1_86166,general
Bonobo03652_0_3143,general
Bonobo03683_0_152450,general
Bonobo03683_0_152520,general
Bonobo03683_0_32109,general
Bonobo03683_0_35849,general
Bonobo03683_0_36021,general
Bonobo03683_0_93165,general
Bonobo03758_0_275676,general
Bonobo03758_0_289810,general
Bonobo03758_0_298201,general
Bonobo03791_0_2074,general
Bonobo03913_1_125693,general
Bonobo03913_1_125697,general
Bonobo03952_0_270,general
Bonobo03992_0_110106,general
Bonobo03992_0_12675,general
Bonobo03992_0_140549,general
Bonobo03992_0_163810,general
Bonobo03992_0_197354,general
Bonobo03992_0_220138,general
Bonobo03992_0_221849,general
Bonobo03992_0_223225,general
Bonobo03992_0_53071,general
Bonobo03992_0_59777,general
Bonobo03992_0_60655,general
Bonobo03992_0_61548,general
Bonobo03992_0_72413,general
Bonobo03992_0_74410,general
Bonobo03992_0_82947,general
Bonobo03992_0_87704,general
Bonobo03992_1_27357,general
Bonobo03992_1_27797,general
Bonobo03992_1_33709,general
Bonobo04073_1_176330,general
Bonobo04088_1_481022,general
Bonobo04088_1_500764,general
Bonobo04098_1_101160,general
Bonobo04098_1_109825,general
Bonobo04098_1_112663,general
Bonobo04098_1_115196,general
Bonobo04098_1_116483,general
Bonobo04098_1_119620,general
Bonobo04098_1_126054,general
Bonobo04098_1_128517,general
Bonobo04098_1_129529,general
Bonobo04098_1_130360,general
Bonobo04098_1_136140,general
Bonobo04098_1_140383,general
Bonobo04098_1_143825,general
Bonobo04098_1_150776,general
Bonobo04098_1_20867,general
Bonobo04098_1_20946,general
Bonobo04098_1_34221,general
Bonobo04098_1_38238,general
Bonobo04098_1_38421,general
Bonobo04098_1_45494,general
Bonobo04098_1_47027,general
Bonobo04098_1_50531,general
Bonobo04098_1_53130,general
Bonobo04098_1_56521,general
Bonobo04098_1_63127,general
Bonobo04098_1_66449,general
Bonobo04098_1_69728,general
Bonobo04098_1_74946,general
Bonobo04098_1_83003,general
Bonobo04098_1_86013,general
Bonobo04098_1_92479,general
Bonobo04098_1_94505,general
Bonobo04101_0_101706,general
Bonobo04101_0_103700,general
Bonobo04101_0_104769,general
Bonobo04101_0_104828,general
Bonobo04101_0_104886,general
Bonobo04101_0_108527,general
Bonobo04101_0_111575,general
Bonobo04101_0_113275,general
Bonobo04101_0_140360,general
Bonobo04101_0_143990,general
Bonobo04101_0_154211,general
Bonobo04101_0_192035,general
Bonobo04101_0_209070,general
Bonobo04101_0_57960,general
Bonobo04372_0_10560,general
Bonobo04372_0_11043,general
Bonobo04372_0_11432,general
Bonobo04372_0_372836,general
Bonobo04472_0_260517,general
Bonobo04603_2_110559,general
Bonobo04603_2_113935,general
Bonobo04603_2_115093,general
Bonobo04603_2_117036,general
Bonobo04603_2_119914,general
Bonobo04603_2_124091,general
Bonobo04603_2_135751,general
Bonobo04603_2_146374,general
Bonobo04603_2_152267,general
Bonobo04603_2_159503,general
Bonobo04603_2_170645,general
Bonobo04603_2_18458,general
Bonobo04603_2_2011,general
Bonobo04603_2_29213,general
Bonobo04603_2_36725,general
Bonobo04603_2_37177,general
Bonobo04603_2_49120,general
Bonobo04603_2_58302,general
Bonobo04603_2_69952,general
Bonobo04603_2_74274,general
Bonobo04603_2_9112,general
Bonobo04792_0_152704,general
Bonobo04792_0_185297,general
Bonobo04792_0_72543,general
Bonobo04792_0_8953,general
Bonobo04915_0_133308,general
Bonobo04915_0_20842,general
Bonobo05114_0_2986,general
Bonobo05114_1_2271,general
Bonobo05114_1_46372,general
Bonobo05171_2_120421,general
Bonobo05338_0_45108,general
Bonobo05338_0_45259,general
Bonobo05338_0_45341,general
Bonobo05338_0_45397,general
Bonobo05338_0_45490,general
Bonobo05338_0_45599,general
Bonobo05338_0_45817,general
Bonobo05410_0_3300,general
Bonobo05442_0_1001,general
Bonobo05442_0_1769,general
Bonobo05442_0_2946,general
Bonobo05442_0_2975,general
Bonobo05867_0_2219,general
Bonobo05867_0_2317,general
Bonobo05974_0_3559,general
Bonobo06030_0_154327,general
Bonobo06030_0_174737,general
Bonobo06184_0_3094,general
Bonobo06186_0_118525,general
Bonobo06186_0_138258,general
Bonobo06259_0_2045,general
Bonobo06259_0_732,general
Bonobo06298_0_161323,general
Bonobo06298_0_161515,general
Bonobo06298_0_161726,general
Bonobo06298_0_161769,general
Bonobo06298_0_162120,general
Bonobo06298_0_162177,general
Bonobo06298_0_162856,general
Bonobo06298_0_44939,general
Bonobo06298_0_46531,general
Bonobo06302_1_157829,general
Bonobo06302_1_168281,general
Bonobo06302_1_193082,general
Bonobo06302_1_198538,general
Bonobo06302_1_200173,general
Bonobo06302_1_208855,general
Bonobo06302_1_213896,general
Bonobo06302_1_214852,general
Bonobo06302_1_218673,general
Bonobo06302_1_224116,general
Bonobo06302_1_227484,general
Bonobo06302_1_227597,general
Bonobo06302_1_230852,general
Bonobo06302_1_232304,general
Bonobo06302_3_165986,general
Bonobo06302_3_177298,general
Bonobo06302_3_182487,general
Bonobo06302_3_192237,general
Bonobo06302_3_195586,general
Bonobo06302_3_211446,general
Bonobo06302_3_222791,general
Bonobo06302_3_236213,general
Bonobo06302_3_246944,general
Bonobo06302_3_6958,general
Bonobo06302_3_6961,general
Bonobo06328_0_229,general
Bonobo06367_0_1315,general
Bonobo06367_0_2498,general
Bonobo06367_0_2553,general
Bonobo06591_0_1345,general
Bonobo06591_0_1525,general
Bonobo06591_0_2333,general
Bonobo06591_0_2486,general
Bonobo06638_0_1751,general
Bonobo06652_0_2701,general
Bonobo06726_0_2433,general
Bonobo06735_0_229,general
Bonobo06735_0_2348,general
Bonobo06735_0_335,general
Bonobo06742_0_1789,general
Bonobo06785_0_2609,general
Bonobo00125_0_3259,frontal
Bonobo02005_1_252847,frontal
Bonobo06869_0_2124,frontal
Bonobo06869_0_2125,frontal
Bonobo02473_0_161447,central
Bonobo02473_0_164624,central
Bonobo02473_0_209982,central
Bonobo02473_0_62708,central
Bonobo02473_0_96568,central
Bonobo02526_1_103011,central
Bonobo02526_1_109087,central
Bonobo02555_0_130705,central
Bonobo02555_0_143913,central
Bonobo02618_0_371317,central
Bonobo02618_0_407200,central
Bonobo02618_0_407972,central
Bonobo02735_0_2614,central
Bonobo02735_0_3315,central
Bonobo02735_0_3331,central
Bonobo02828_0_91065,central
Bonobo02900_0_232220,central
Bonobo02900_0_240132,central
Bonobo02900_0_271577,central
Bonobo02989_0_1120,central
Bonobo02989_0_169425,central
Bonobo02989_0_195979,central
Bonobo02989_0_238131,central
Bonobo02989_0_27257,central
Bonobo02989_0_275226,central
Bonobo02989_0_279880,central
Bonobo02989_0_289473,central
Bonobo02989_0_388075,central
Bonobo02989_0_424460,central
Bonobo03073_1_55292,central
Bonobo03128_2_98471,central
Bonobo03135_0_161703,central
Bonobo03135_0_261646,central
Bonobo03164_0_107277,central
Bonobo03164_0_153781,central
Bonobo03164_0_40576,central
Bonobo03164_1_138694,central
Bonobo03164_1_193859,central
Bonobo03288_0_138021,central
Bonobo03288_0_147682,central
Bonobo03288_0_30892,central
Bonobo03288_0_54784,central
Bonobo03288_0_60606,central
Bonobo03288_0_67048,central
Bonobo03288_0_67051,central
Bonobo03288_0_90544,central
Bonobo03322_0_101584,central
Bonobo03322_0_103519,central
Bonobo03322_0_108471,central
Bonobo03322_0_126593,central
Bonobo03322_0_139456,central
Bonobo03322_0_203015,central
Bonobo03322_0_236432,central
Bonobo03322_0_263337,central
Bonobo03322_0_267043,central
Bonobo03322_0_326993,central
Bonobo03339_1_45836,central
Bonobo03604_1_116150,central
Bonobo03604_1_251260,central
Bonobo03604_1_67497,central
Bonobo03604_1_81234,central
Bonobo03604_1_86667,central
Bonobo03673_0_176124,central
Bonobo03673_0_191487,central
Bonobo03673_0_212213,central
Bonobo03673_0_243417,central
Bonobo03673_0_96748,central
Bonobo03673_0_99785,central
Bonobo03747_0_460,central
Bonobo03767_1_114725,central
Bonobo03837_0_51538,central
Bonobo03837_0_8339,central
Bonobo04173_0_170980,central
Bonobo04463_1_105988,central
Bonobo04463_1_1454,central
Bonobo04463_1_181715,central
Bonobo04463_1_276647,central
Bonobo04463_1_291085,central
Bonobo04463_1_75497,central
Bonobo04480_0_17240,central
Bonobo04480_0_232097,central
Bonobo04498_0_100628,central
Bonobo04498_0_101992,central
Bonobo04498_0_102105,central
Bonobo04498_0_103235,central
Bonobo04498_0_10676,central
Bonobo04498_0_11100,central
Bonobo04498_0_112001,central
Bonobo04498_0_116716,central
Bonobo04498_0_120409,central
Bonobo04498_0_125535,central
Bonobo04535_0_190573,central
Bonobo04535_0_212071,central
Bonobo04535_0_232069,central
Bonobo04535_0_250010,central
Bonobo04573_1_1552,central
Bonobo04573_1_263214,central
Bonobo04573_1_7338,central
Bonobo04650_0_41682,central
Bonobo04695_1_42880,central
Bonobo04695_1_4890,central
Bonobo04705_1_146378,central
Bonobo04834_0_336226,central
Bonobo04959_0_264235,central
Bonobo04959_1_5251,central
Bonobo05049_0_2398,central
Bonobo05448_0_202950,central
Bonobo05448_0_209221,central
Bonobo05448_0_231744,central
Bonobo05448_0_241099,central
Bonobo05448_0_261003,central
Bonobo05448_0_268984,central
Bonobo05448_0_288486,central
Bonobo05448_0_290517,central
Bonobo05448_0_292215,central
Bonobo05448_0_294719,central
Bonobo05448_0_313903,central
Bonobo05448_1_213582,central
Bonobo05478_0_87548,central
Bonobo05506_0_154229,central
Bonobo05511_0_123726,central
Bonobo05625_0_240409,central
Bonobo05625_0_300599,central
Bonobo05867_0_3093,central
Bonobo05886_0_128038,central
Bonobo05886_0_134910,central
Bonobo05886_0_148731,central
Bonobo05886_0_194132,central
Bonobo05886_0_209255,central
Bonobo05886_0_245642,central
Bonobo06302_1_138129,central
Bonobo06302_1_188758,central
Bonobo06304_0_208057,central
Bonobo06304_0_75991,central
Bonobo06478_0_10586,central
Bonobo06478_0_36989,central
Bonobo06478_0_48210,central
Bonobo06484_0_98898,central
Bonobo06564_3_36915,central
Bonobo06564_3_73384,central
Bonobo06845_0_1182,central
Bonobo06845_0_1757,central
Bonobo06856_0_2314,central
Bonobo06975_0_5391,central
Bonobo01351_1_113446,parietal
Bonobo01351_1_116709,parietal
Bonobo01351_1_74178,parietal
Bonobo01373_1_4892,parietal
Bonobo02166_0_2695,parietal
Bonobo02345_0_118494,parietal
Bonobo02473_0_161447,parietal
Bonobo02473_0_164624,parietal
Bonobo02473_0_209982,parietal
Bonobo02473_0_62708,parietal
Bonobo02526_1_103011,parietal
Bonobo02526_1_109087,parietal
Bonobo02555_0_130705,parietal
Bonobo02555_0_143913,parietal
Bonobo02900_1_289259,parietal
Bonobo03130_1_50119,parietal
Bonobo03131_0_118168,parietal
Bonobo03131_0_13899,parietal
Bonobo03131_0_141837,parietal
Bonobo03131_0_165146,parietal
Bonobo03131_0_167131,parietal
Bonobo03131_0_170403,parietal
Bonobo03131_0_17430,parietal
Bonobo03131_0_22993,parietal
Bonobo03131_0_31129,parietal
Bonobo03131_0_35906,parietal
Bonobo03164_0_106182,parietal
Bonobo03234_1_12348,parietal
Bonobo03234_1_12586,parietal
Bonobo03234_1_12587,parietal
Bonobo03234_1_12597,parietal
Bonobo03280_2_38473,parietal
Bonobo03281_0_11953,parietal
Bonobo03281_0_25210,parietal
Bonobo03281_0_34273,parietal
Bonobo03281_0_34750,parietal
Bonobo03281_0_37336,parietal
Bonobo03281_0_3881,parietal
Bonobo03281_0_4312,parietal
Bonobo03281_0_49995,parietal
Bonobo03281_0_66779,parietal
Bonobo03281_0_72190,parietal
Bonobo03288_0_106631,parietal
Bonobo03288_0_64255,parietal
Bonobo03335_0_14782,parietal
Bonobo03516_0_107243,parietal
Bonobo03516_0_172674,parietal
Bonobo03516_0_175596,parietal
Bonobo03675_0_180412,parietal
Bonobo04325_1_30362,parietal
Bonobo04939_0_2173,parietal
Bonobo04939_0_3342,parietal
Bonobo05144_1_115798,parietal
Bonobo05144_1_52571,parietal
Bonobo05708_0_122034,parietal
Bonobo05708_0_124785,parietal
Bonobo06030_0_18696,parietal
Bonobo06030_0_20707,parietal
Bonobo06030_0_238246,parietal
Bonobo06030_0_244235,parietal
Bonobo06302_1_60891,parietal
Bonobo06484_0_133188,parietal
Bonobo06484_0_136704,parietal
Bonobo06484_0_182172,parietal
Bonobo06484_0_26237,parietal
Bonobo06484_0_47961,parietal
Bonobo06797_0_337,parietal
Bonobo06797_0_444,parietal
Bonobo06856_0_1449,parietal
Bonobo06856_0_1883,parietal
Bonobo06856_0_1929,parietal
Bonobo07052_0_2071,parietal
Bonobo07052_0_2074,parietal
Bonobo02966_1_16916,occipital
Bonobo02966_1_172264,occipital
Bonobo03164_1_8040,occipital
Bonobo06328_0_1544,occipital
Bonobo06850_0_1168,occipital
Bonobo06850_0_1169,occipital
Bonobo06850_0_1179,occipital
Bonobo06850_0_1192,occipital
Bonobo06850_0_1245,occipital
Bonobo06850_0_1303,occipital
Bonobo06850_0_1536,occipital
Bonobo06850_0_1815,occipital
Bonobo06850_0_356,occipital
Bonobo06850_0_687,occipital
Bonobo07052_0_1733,occipital
Bonobo02966_2_36225,temporal
Bonobo02966_2_38879,temporal
Bonobo03049_1_6453,temporal
Bonobo03049_1_83862,temporal
